{
  "project_info": {
    "project_number": "288769702868",
    "project_id": "messenger-2dbe7",
    "storage_bucket": "messenger-2dbe7.appspot.com"
  },
  "client": [
    {
      "client_info": {
        "mobilesdk_app_id": "1:288769702868:android:f6661ff0bbc836ee863441",
        "android_client_info": {
          "package_name": "com.example.messenger"
        }
      },
      "oauth_client": [
        {
          "client_id": "288769702868-eogkg6lt1vfnvlf609fq5k1j9lde4scg.apps.googleusercontent.com",
          "client_type": 3
        }
      ],
      "api_key": [
        {
          "current_key": "AIzaSyAvpQQnbhriKJV8UnX8t0_bb-qRcbmEms0"
        }
      ],
      "services": {
        "appinvite_service": {
          "other_platform_oauth_client": [
            {
              "client_id": "288769702868-eogkg6lt1vfnvlf609fq5k1j9lde4scg.apps.googleusercontent.com",
              "client_type": 3
            }
          ]
        }
      }
    }
  ],
  "configuration_version": "1"
}